pd_from,pd_to,income_from,income_to,income_multiple,clients,approved,avg_limit,known_outcome_clients,defaults,pd_band,income_band,approval_rate,default_rate,suppressed
0.0,0.02,0,100000,2.0,12569,10543,152615.42,10950,92,0-2%,"0-100,000",0.83881,0.008402,0
0.0,0.02,100000,250000,3.0,39824,33026,464507.78,33695,251,0-2%,"100,000-250,000",0.829299,0.007449,0
0.0,0.02,250000,,4.0,12417,9802,1165447.82,10529,51,0-2%,"250,000 and above",0.789402,0.004844,0
0.02,0.04,0,100000,1.5,17360,13867,115927.02,15464,343,2-4%,"0-100,000",0.79879,0.022181,0
0.02,0.04,100000,250000,2.5,58038,47045,383558.98,49960,1099,2-4%,"100,000-250,000",0.81059,0.021998,0
0.02,0.04,250000,,3.5,12249,9168,1011162.93,10296,216,2-4%,"250,000 and above",0.748469,0.020979,0
0.04,0.07,0,100000,1.0,14801,10859,80563.67,13198,604,4-7%,"0-100,000",0.733667,0.045765,0
0.04,0.07,100000,250000,2.0,49815,39224,307666.61,42915,1989,4-7%,"100,000-250,000",0.787393,0.046347,0
0.04,0.07,250000,,3.0,9085,6567,882940.31,7653,355,4-7%,"250,000 and above",0.72284,0.046387,0
0.07,0.12,0,100000,0.75,12152,8227,62439.42,10834,920,7-12%,"0-100,000",0.677008,0.084918,0
0.07,0.12,100000,250000,1.5,39800,30576,233355.53,34107,3051,7-12%,"100,000-250,000",0.768241,0.089454,0
0.07,0.12,250000,,2.0,6557,4558,621410.27,5486,503,7-12%,"250,000 and above",0.695135,0.091688,0
0.12,1.0,0,100000,0.5,14652,0,,13252,3266,12-100%,"0-100,000",0.0,0.246453,0
0.12,1.0,100000,250000,1.0,50053,8686,156833.9,43358,10664,12-100%,"100,000-250,000",0.173536,0.245952,0
0.12,1.0,250000,,1.0,6883,1229,319924.41,5814,1421,12-100%,"250,000 and above",0.178556,0.24441,0
