split,clients,limit_from,limit_band,split_order,suppressed
fit,15603,0,"0-100,000",1,0
fit,24721,100000,"100,000-200,000",1,0
fit,28067,200000,"200,000-300,000",1,0
fit,26270,300000,"300,000-400,000",1,0
fit,16455,400000,"400,000-500,000",1,0
fit,9717,500000,"500,000-600,000",1,0
fit,5375,600000,"600,000-700,000",1,0
fit,1540,700000,"700,000-800,000",1,0
fit,1882,800000,"800,000-900,000",1,0
fit,2259,900000,"900,000-1,000,000",1,0
fit,2400,1000000,"1,000,000-1,100,000",1,0
fit,1461,1100000,"1,100,000-1,200,000",1,0
fit,1440,1200000,"1,200,000-1,300,000",1,0
fit,636,1300000,"1,300,000-1,400,000",1,0
fit,2956,1400000,"1,400,000-1,500,000",1,0
valid,3373,0,"0-100,000",2,0
valid,5340,100000,"100,000-200,000",2,0
valid,6039,200000,"200,000-300,000",2,0
valid,5584,300000,"300,000-400,000",2,0
valid,3466,400000,"400,000-500,000",2,0
valid,2036,500000,"500,000-600,000",2,0
valid,1211,600000,"600,000-700,000",2,0
valid,323,700000,"700,000-800,000",2,0
valid,396,800000,"800,000-900,000",2,0
valid,487,900000,"900,000-1,000,000",2,0
valid,506,1000000,"1,000,000-1,100,000",2,0
valid,314,1100000,"1,100,000-1,200,000",2,0
valid,318,1200000,"1,200,000-1,300,000",2,0
valid,120,1300000,"1,300,000-1,400,000",2,0
valid,639,1400000,"1,400,000-1,500,000",2,0
holdout,3426,0,"0-100,000",3,0
holdout,5203,100000,"100,000-200,000",3,0
holdout,6180,200000,"200,000-300,000",3,0
holdout,5681,300000,"300,000-400,000",3,0
holdout,3531,400000,"400,000-500,000",3,0
holdout,2091,500000,"500,000-600,000",3,0
holdout,1127,600000,"600,000-700,000",3,0
holdout,323,700000,"700,000-800,000",3,0
holdout,424,800000,"800,000-900,000",3,0
holdout,479,900000,"900,000-1,000,000",3,0
holdout,539,1000000,"1,000,000-1,100,000",3,0
holdout,307,1100000,"1,100,000-1,200,000",3,0
holdout,310,1200000,"1,200,000-1,300,000",3,0
holdout,139,1300000,"1,300,000-1,400,000",3,0
holdout,601,1400000,"1,400,000-1,500,000",3,0
test,2819,0,"0-100,000",4,0
test,5247,100000,"100,000-200,000",4,0
test,6147,200000,"200,000-300,000",4,0
test,6239,300000,"300,000-400,000",4,0
test,4033,400000,"400,000-500,000",4,0
test,2550,500000,"500,000-600,000",4,0
test,1370,600000,"600,000-700,000",4,0
test,413,700000,"700,000-800,000",4,0
test,463,800000,"800,000-900,000",4,0
test,558,900000,"900,000-1,000,000",4,0
test,602,1000000,"1,000,000-1,100,000",4,0
test,364,1100000,"1,100,000-1,200,000",4,0
test,386,1200000,"1,200,000-1,300,000",4,0
test,178,1300000,"1,300,000-1,400,000",4,0
test,713,1400000,"1,400,000-1,500,000",4,0
