split,decision,outcome,outcome_category,outcome_order,clients,clients_known_outcome,defaults,default_rate,avg_pd,total_limit,avg_limit,outcome_label,split_order,share_of_split,outcome_description
fit,APPROVE,APPROVED,APPROVED,0,140782,140782,5628,0.039977,0.047459,52872479356.74,375562.78,Pre-approved,1,0.655227,Pre-approved
fit,DECLINE,EXCL_WRITTEN_OFF,EXCLUSION,10,3630,3630,359,0.098898,0.096027,,,Written off elsewhere,1,0.016895,A credit at another lender was written off or sold to a debt collector.
fit,DECLINE,CURRENT_ARREARS,POLICY,30,2315,2315,361,0.15594,0.154694,,,Behind on payments now,1,0.010774,Currently behind on a payment at another lender.
fit,DECLINE,AGE_AT_MATURITY,POLICY,40,512,512,11,0.021484,0.027573,,,Too old at end of term,1,0.002383,Would be above the maximum age at the end of the offered term.
fit,DECLINE,PD_ABOVE_CUTOFF,RISK,50,31824,31824,9172,0.28821,0.252049,,,Risk above cut-off,1,0.148115,Estimated chance of repayment trouble is above the accepted level.
fit,DECLINE,DEBT_TOO_HIGH,AFFORDABILITY,60,32704,32704,1410,0.043114,0.0529,,,Debt too high,1,0.152211,Existing debt leaves no room for an offer of the minimum size.
fit,DECLINE,LIMIT_BELOW_MIN,AFFORDABILITY,70,3093,3093,320,0.103459,0.105192,,,Limit below minimum,1,0.014395,The limit allowed for this income and risk level is below the minimum offer size.
valid,APPROVE,APPROVED,APPROVED,0,30152,30152,1423,0.047194,0.047669,11294964209.24,374600.83,Pre-approved,2,0.650641,Pre-approved
valid,DECLINE,EXCL_WRITTEN_OFF,EXCLUSION,10,806,806,90,0.111663,0.094286,,,Written off elsewhere,2,0.017392,A credit at another lender was written off or sold to a debt collector.
valid,DECLINE,CURRENT_ARREARS,POLICY,30,462,462,90,0.194805,0.163827,,,Behind on payments now,2,0.009969,Currently behind on a payment at another lender.
valid,DECLINE,AGE_AT_MATURITY,POLICY,40,113,113,4,0.035398,0.025813,,,Too old at end of term,2,0.002438,Would be above the maximum age at the end of the offered term.
valid,DECLINE,PD_ABOVE_CUTOFF,RISK,50,7035,7035,1737,0.246908,0.252194,,,Risk above cut-off,2,0.151806,Estimated chance of repayment trouble is above the accepted level.
valid,DECLINE,DEBT_TOO_HIGH,AFFORDABILITY,60,7133,7133,418,0.058601,0.053927,,,Debt too high,2,0.153921,Existing debt leaves no room for an offer of the minimum size.
valid,DECLINE,LIMIT_BELOW_MIN,AFFORDABILITY,70,641,641,55,0.085803,0.102888,,,Limit below minimum,2,0.013832,The limit allowed for this income and risk level is below the minimum offer size.
holdout,APPROVE,APPROVED,APPROVED,0,30361,30361,1432,0.047166,0.047466,11357351700.56,374077.0,Pre-approved,3,0.655618,Pre-approved
holdout,DECLINE,EXCL_WRITTEN_OFF,EXCLUSION,10,807,807,89,0.110285,0.095672,,,Written off elsewhere,3,0.017426,A credit at another lender was written off or sold to a debt collector.
holdout,DECLINE,CURRENT_ARREARS,POLICY,30,448,448,65,0.145089,0.144461,,,Behind on payments now,3,0.009674,Currently behind on a payment at another lender.
holdout,DECLINE,AGE_AT_MATURITY,POLICY,40,110,110,2,0.018182,0.023719,,,Too old at end of term,3,0.002375,Would be above the maximum age at the end of the offered term.
holdout,DECLINE,PD_ABOVE_CUTOFF,RISK,50,6935,6935,1739,0.250757,0.252678,,,Risk above cut-off,3,0.149755,Estimated chance of repayment trouble is above the accepted level.
holdout,DECLINE,DEBT_TOO_HIGH,AFFORDABILITY,60,6970,6970,363,0.05208,0.053561,,,Debt too high,3,0.150511,Existing debt leaves no room for an offer of the minimum size.
holdout,DECLINE,LIMIT_BELOW_MIN,AFFORDABILITY,70,678,678,57,0.084071,0.104171,,,Limit below minimum,3,0.014641,The limit allowed for this income and risk level is below the minimum offer size.
test,APPROVE,APPROVED,APPROVED,0,32082,0,,,0.046685,12748843501.96,397383.07,Pre-approved,4,0.658173,Pre-approved
test,DECLINE,EXCL_WRITTEN_OFF,EXCLUSION,10,796,0,,,0.077997,,,Written off elsewhere,4,0.01633,A credit at another lender was written off or sold to a debt collector.
test,DECLINE,CURRENT_ARREARS,POLICY,30,445,0,,,0.148325,,,Behind on payments now,4,0.009129,Currently behind on a payment at another lender.
test,DECLINE,AGE_AT_MATURITY,POLICY,40,15,0,,,0.024548,,,Too old at end of term,4,0.000308,Would be above the maximum age at the end of the offered term.
test,DECLINE,PD_ABOVE_CUTOFF,RISK,50,6694,0,,,0.238663,,,Risk above cut-off,4,0.13733,Estimated chance of repayment trouble is above the accepted level.
test,DECLINE,DEBT_TOO_HIGH,AFFORDABILITY,60,8258,0,,,0.052979,,,Debt too high,4,0.169416,Existing debt leaves no room for an offer of the minimum size.
test,DECLINE,LIMIT_BELOW_MIN,AFFORDABILITY,70,454,0,,,0.106055,,,Limit below minimum,4,0.009314,The limit allowed for this income and risk level is below the minimum offer size.
