split,clients,approved,known_outcome_clients,defaults,avg_pd,pd_from,pd_band,approval_rate,default_rate,split_order,suppressed
fit,8514,7141,8514,10,0.007582,0.0,0-1%,0.838736,0.001175,1,0
fit,30081,24680,30081,212,0.015199,0.01,1-2%,0.820451,0.007048,1,0
fit,29631,23903,29631,430,0.024839,0.02,2-3%,0.806689,0.014512,1,0
fit,23414,18575,23414,578,0.034792,0.03,3-4%,0.793329,0.024686,1,0
fit,18460,14271,18460,614,0.044786,0.04,4-5%,0.773077,0.033261,1,0
fit,14411,11112,14411,661,0.054825,0.05,5-6%,0.771078,0.045868,1,0
fit,11802,9028,11802,653,0.064831,0.06,6-7%,0.764955,0.05533,1,0
fit,9528,7099,9528,636,0.074814,0.07,7-8%,0.745067,0.066751,1,0
fit,7996,5971,7996,613,0.084833,0.08,8-9%,0.746748,0.076663,1,0
fit,6799,5023,6799,606,0.094828,0.09,9-10%,0.738785,0.089131,1,0
fit,5812,4304,5812,612,0.104873,0.1,10-11%,0.740537,0.105299,1,0
fit,4956,3651,4956,567,0.114837,0.11,11-12%,0.736683,0.114407,1,0
fit,4407,2597,4407,557,0.125005,0.12,12-13%,0.58929,0.12639,1,0
fit,3950,2383,3950,535,0.13487,0.13,13-14%,0.603291,0.135443,1,0
fit,3367,1044,3367,516,0.144932,0.14,14-15%,0.310068,0.153252,1,0
fit,3022,0,3022,494,0.154795,0.15,15-16%,0.0,0.163468,1,0
fit,2628,0,2628,426,0.16493,0.16,16-17%,0.0,0.1621,1,0
fit,2363,0,2363,452,0.174879,0.17,17-18%,0.0,0.191282,1,0
fit,2081,0,2081,446,0.18484,0.18,18-19%,0.0,0.21432,1,0
fit,1871,0,1871,391,0.19483,0.19,19-20%,0.0,0.208979,1,0
fit,1760,0,1760,415,0.204905,0.2,20-21%,0.0,0.235795,1,0
fit,1538,0,1538,366,0.214844,0.21,21-22%,0.0,0.237971,1,0
fit,1472,0,1472,372,0.224942,0.22,22-23%,0.0,0.252717,1,0
fit,1242,0,1242,317,0.234952,0.23,23-24%,0.0,0.255233,1,0
fit,1068,0,1068,311,0.244843,0.24,24-25%,0.0,0.291199,1,0
fit,1041,0,1041,324,0.254885,0.25,25-26%,0.0,0.311239,1,0
fit,915,0,915,261,0.264859,0.26,26-27%,0.0,0.285246,1,0
fit,852,0,852,264,0.27498,0.27,27-28%,0.0,0.309859,1,0
fit,782,0,782,232,0.284792,0.28,28-29%,0.0,0.296675,1,0
fit,767,0,767,247,0.294791,0.29,29-30%,0.0,0.322034,1,0
fit,648,0,648,238,0.305104,0.3,30-31%,0.0,0.367284,1,0
fit,631,0,631,222,0.314742,0.31,31-32%,0.0,0.351823,1,0
fit,563,0,563,217,0.324957,0.32,32-33%,0.0,0.385435,1,0
fit,546,0,546,208,0.334935,0.33,33-34%,0.0,0.380952,1,0
fit,523,0,523,242,0.344984,0.34,34-35%,0.0,0.462715,1,0
fit,450,0,450,191,0.35488,0.35,35-36%,0.0,0.424444,1,0
fit,405,0,405,180,0.364622,0.36,36-37%,0.0,0.444444,1,0
fit,400,0,400,187,0.374902,0.37,37-38%,0.0,0.4675,1,0
fit,345,0,345,154,0.385198,0.38,38-39%,0.0,0.446377,1,0
fit,334,0,334,145,0.395193,0.39,39-40%,0.0,0.434132,1,0
fit,3485,0,3485,2159,0.500295,0.4,40% and above,0.0,0.619512,1,0
valid,1786,1472,1786,11,0.007658,0.0,0-1%,0.824188,0.006159,2,0
valid,6523,5367,6523,79,0.015239,0.01,1-2%,0.822781,0.012111,2,0
valid,6328,5104,6328,149,0.024867,0.02,2-3%,0.806574,0.023546,2,0
valid,4993,3923,4993,188,0.034747,0.03,3-4%,0.7857,0.037653,2,0
valid,3906,3020,3906,170,0.044899,0.04,4-5%,0.773169,0.043523,2,0
valid,3140,2436,3140,156,0.054847,0.05,5-6%,0.775796,0.049682,2,0
valid,2481,1885,2481,186,0.064779,0.06,6-7%,0.759774,0.07497,2,0
valid,2048,1550,2048,163,0.074908,0.07,7-8%,0.756836,0.07959,2,0
valid,1725,1259,1725,141,0.084957,0.08,8-9%,0.729855,0.081739,2,0
valid,1472,1072,1472,143,0.094825,0.09,9-10%,0.728261,0.097147,2,0
valid,1290,960,1290,147,0.105099,0.1,10-11%,0.744186,0.113953,2,0
valid,1046,785,1046,132,0.114873,0.11,11-12%,0.750478,0.126195,2,0
valid,926,531,926,110,0.124814,0.12,12-13%,0.573434,0.11879,2,0
valid,881,534,881,128,0.134973,0.13,13-14%,0.606129,0.145289,2,0
valid,770,254,770,105,0.14471,0.14,14-15%,0.32987,0.136364,2,0
valid,643,0,643,92,0.155131,0.15,15-16%,0.0,0.143079,2,0
valid,539,0,539,99,0.164703,0.16,16-17%,0.0,0.183673,2,0
valid,491,0,491,87,0.175104,0.17,17-18%,0.0,0.177189,2,0
valid,466,0,466,74,0.184602,0.18,18-19%,0.0,0.158798,2,0
valid,430,0,430,88,0.194551,0.19,19-20%,0.0,0.204651,2,0
valid,397,0,397,87,0.204942,0.2,20-21%,0.0,0.219144,2,0
valid,362,0,362,90,0.214847,0.21,21-22%,0.0,0.248619,2,0
valid,308,0,308,71,0.225003,0.22,22-23%,0.0,0.230519,2,0
valid,300,0,300,80,0.234941,0.23,23-24%,0.0,0.266667,2,0
valid,246,0,246,68,0.244807,0.24,24-25%,0.0,0.276423,2,0
valid,227,0,227,49,0.255218,0.25,25-26%,0.0,0.215859,2,0
valid,207,0,207,55,0.264907,0.26,26-27%,0.0,0.2657,2,0
valid,223,0,223,61,0.274763,0.27,27-28%,0.0,0.273543,2,0
valid,192,0,192,57,0.285109,0.28,28-29%,0.0,0.296875,2,0
valid,171,0,171,42,0.295222,0.29,29-30%,0.0,0.245614,2,0
valid,163,0,163,49,0.304745,0.3,30-31%,0.0,0.300613,2,0
valid,140,0,140,48,0.31451,0.31,31-32%,0.0,0.342857,2,0
valid,140,0,140,43,0.324963,0.32,32-33%,0.0,0.307143,2,0
valid,106,0,106,37,0.335102,0.33,33-34%,0.0,0.349057,2,0
valid,100,0,100,31,0.34539,0.34,34-35%,0.0,0.31,2,0
valid,103,0,103,35,0.354895,0.35,35-36%,0.0,0.339806,2,0
valid,105,0,105,34,0.365044,0.36,36-37%,0.0,0.32381,2,0
valid,100,0,100,35,0.374918,0.37,37-38%,0.0,0.35,2,0
valid,69,0,69,20,0.385089,0.38,38-39%,0.0,0.289855,2,0
valid,67,0,67,22,0.394981,0.39,39-40%,0.0,0.328358,2,0
valid,732,0,732,355,0.500001,0.4,40% and above,0.0,0.484973,2,0
holdout,1898,1593,1898,8,0.007597,0.0,0-1%,0.839305,0.004215,3,0
holdout,6372,5243,6372,74,0.01523,0.01,1-2%,0.822819,0.011613,3,0
holdout,6394,5190,6394,161,0.024893,0.02,2-3%,0.811698,0.02518,3,0
holdout,4960,3950,4960,152,0.034705,0.03,3-4%,0.796371,0.030645,3,0
holdout,3927,3046,3927,161,0.044766,0.04,4-5%,0.775656,0.040998,3,0
holdout,3141,2442,3141,187,0.054803,0.05,5-6%,0.777459,0.059535,3,0
holdout,2498,1894,2498,160,0.064787,0.06,6-7%,0.758207,0.064051,3,0
holdout,2122,1577,2122,142,0.074807,0.07,7-8%,0.743167,0.066918,3,0
holdout,1784,1367,1784,165,0.08474,0.08,8-9%,0.766256,0.092489,3,0
holdout,1475,1093,1475,144,0.094852,0.09,9-10%,0.741017,0.097627,3,0
holdout,1267,913,1267,140,0.104939,0.1,10-11%,0.7206,0.110497,3,0
holdout,1107,823,1107,123,0.114965,0.11,11-12%,0.743451,0.111111,3,0
holdout,895,522,895,107,0.124772,0.12,12-13%,0.58324,0.119553,3,0
holdout,844,491,844,114,0.134775,0.13,13-14%,0.581754,0.135071,3,0
holdout,700,217,700,121,0.144772,0.14,14-15%,0.31,0.172857,3,0
holdout,654,0,654,113,0.155025,0.15,15-16%,0.0,0.172783,3,0
holdout,568,0,568,88,0.16485,0.16,16-17%,0.0,0.15493,3,0
holdout,536,0,536,109,0.174739,0.17,17-18%,0.0,0.203358,3,0
holdout,437,0,437,91,0.184758,0.18,18-19%,0.0,0.208238,3,0
holdout,435,0,435,83,0.194947,0.19,19-20%,0.0,0.190805,3,0
holdout,344,0,344,70,0.205221,0.2,20-21%,0.0,0.203488,3,0
holdout,364,0,364,84,0.21489,0.21,21-22%,0.0,0.230769,3,0
holdout,303,0,303,63,0.224922,0.22,22-23%,0.0,0.207921,3,0
holdout,251,0,251,54,0.23484,0.23,23-24%,0.0,0.215139,3,0
holdout,219,0,219,59,0.24487,0.24,24-25%,0.0,0.269406,3,0
holdout,262,0,262,64,0.255055,0.25,25-26%,0.0,0.244275,3,0
holdout,217,0,217,55,0.264481,0.26,26-27%,0.0,0.253456,3,0
holdout,213,0,213,58,0.275148,0.27,27-28%,0.0,0.2723,3,0
holdout,174,0,174,55,0.285128,0.28,28-29%,0.0,0.316092,3,0
holdout,153,0,153,51,0.294914,0.29,29-30%,0.0,0.333333,3,0
holdout,141,0,141,36,0.305287,0.3,30-31%,0.0,0.255319,3,0
holdout,124,0,124,38,0.315031,0.31,31-32%,0.0,0.306452,3,0
holdout,128,0,128,41,0.325011,0.32,32-33%,0.0,0.320312,3,0
holdout,117,0,117,32,0.33516,0.33,33-34%,0.0,0.273504,3,0
holdout,130,0,130,40,0.345106,0.34,34-35%,0.0,0.307692,3,0
holdout,92,0,92,37,0.354752,0.35,35-36%,0.0,0.402174,3,0
holdout,86,0,86,25,0.365209,0.36,36-37%,0.0,0.290698,3,0
holdout,77,0,77,29,0.374719,0.37,37-38%,0.0,0.376623,3,0
holdout,66,0,66,30,0.384886,0.38,38-39%,0.0,0.454545,3,0
holdout,89,0,89,34,0.395227,0.39,39-40%,0.0,0.382022,3,0
holdout,745,0,745,349,0.496644,0.4,40% and above,0.0,0.468456,3,0
test,2228,1846,0,,0.007611,0.0,0-1%,0.828546,,4,0
test,7408,6029,0,,0.015117,0.01,1-2%,0.81385,,4,0
test,6794,5431,0,,0.024821,0.02,2-3%,0.799382,,4,0
test,5133,4004,0,,0.034825,0.03,3-4%,0.780051,,4,0
test,4069,3103,0,,0.044878,0.04,4-5%,0.762595,,4,0
test,3214,2428,0,,0.054781,0.05,5-6%,0.755445,,4,0
test,2652,1985,0,,0.064846,0.06,6-7%,0.748492,,4,0
test,2242,1645,0,,0.074909,0.07,7-8%,0.73372,,4,0
test,1850,1364,0,,0.084896,0.08,8-9%,0.737297,,4,0
test,1548,1123,0,,0.094784,0.09,9-10%,0.725452,,4,0
test,1343,972,0,,0.104769,0.1,10-11%,0.723753,,4,0
test,1099,810,0,,0.114885,0.11,11-12%,0.737034,,4,0
test,959,564,0,,0.124858,0.12,12-13%,0.588113,,4,0
test,810,528,0,,0.135064,0.13,13-14%,0.651852,,4,0
test,815,250,0,,0.144903,0.14,14-15%,0.306748,,4,0
test,635,0,0,,0.154913,0.15,15-16%,0.0,,4,0
test,619,0,0,,0.164918,0.16,16-17%,0.0,,4,0
test,521,0,0,,0.174689,0.17,17-18%,0.0,,4,0
test,474,0,0,,0.184864,0.18,18-19%,0.0,,4,0
test,426,0,0,,0.19476,0.19,19-20%,0.0,,4,0
test,387,0,0,,0.204757,0.2,20-21%,0.0,,4,0
test,338,0,0,,0.215016,0.21,21-22%,0.0,,4,0
test,296,0,0,,0.224753,0.22,22-23%,0.0,,4,0
test,293,0,0,,0.234746,0.23,23-24%,0.0,,4,0
test,244,0,0,,0.244535,0.24,24-25%,0.0,,4,0
test,221,0,0,,0.254303,0.25,25-26%,0.0,,4,0
test,213,0,0,,0.26462,0.26,26-27%,0.0,,4,0
test,186,0,0,,0.274824,0.27,27-28%,0.0,,4,0
test,180,0,0,,0.284441,0.28,28-29%,0.0,,4,0
test,150,0,0,,0.295158,0.29,29-30%,0.0,,4,0
test,119,0,0,,0.304525,0.3,30-31%,0.0,,4,0
test,129,0,0,,0.314748,0.31,31-32%,0.0,,4,0
test,126,0,0,,0.325445,0.32,32-33%,0.0,,4,0
test,101,0,0,,0.334909,0.33,33-34%,0.0,,4,0
test,106,0,0,,0.345061,0.34,34-35%,0.0,,4,0
test,82,0,0,,0.355372,0.35,35-36%,0.0,,4,0
test,72,0,0,,0.365148,0.36,36-37%,0.0,,4,0
test,65,0,0,,0.374879,0.37,37-38%,0.0,,4,0
test,53,0,0,,0.385296,0.38,38-39%,0.0,,4,0
test,49,0,0,,0.39508,0.39,39-40%,0.0,,4,0
test,495,0,0,,0.48613,0.4,40% and above,0.0,,4,0
